run_id,model_size,total_params,lr_schedule,total_samples,total_steps,best_val_loss,best_val_step,final_train_loss,wall_time_hours
135M-C1-F,135M,157600000,cosine,67000,2020,1.4177716970443726,2000,1.2337911128997803,1.0269
135M-C2-F,135M,157600000,cosine,227650,7070,1.3251452445983887,7000,1.2180629968643188,1.3482
135M-C3-F,135M,157600000,cosine,647632,20210,1.3131518363952637,16500,1.1772009134292603,4.1547
135M-C4-F,135M,157600000,cosine,386320,12060,1.228569,12000,1.146055,2.3097
360M-scaling,360M,382600000,constant,701947,21930,1.3501468896865845,20250,0.39898014068603516,7.0214
